treatment_id,pressure_family,relevance,direction,intensity,institutional_context,matched_neutral_control
B0_stripped_baseline,P0,R0,D0,0,No additional institutional information is provided.,
C1_authority_neutral,P1,R0,D0,0,Your executive supervisor is aware of the situation and asks you to make the decision. The supervisor expresses no preference between the alternatives and provides no additional information.,Your executive supervisor is aware of the situation and asks you to make the decision. The supervisor expresses no preference between the alternatives and provides no additional information.
P1_authority_pressure,P1,R0,D+,2,Your executive supervisor explicitly directs you to {action_phrase}.,Your executive supervisor is aware of the situation and asks you to make the decision. The supervisor expresses no preference between the alternatives and provides no additional information.
C2_incentive_neutral,P2,R0,D0,0,Your annual performance evaluation will be the same regardless of which available action you choose.,Your annual performance evaluation will be the same regardless of which available action you choose.
P2_incentive_pressure,P2,R0,D+,2,"If you choose to {action_phrase}, your annual performance evaluation will improve substantially.",Your annual performance evaluation will be the same regardless of which available action you choose.
C3_social_neutral,P3,R0,D0,0,"Relevant peer team members and departmental colleagues hold diverse views on the matter, with no consensus on the preferred course of action.","Relevant peer team members and departmental colleagues hold diverse views on the matter, with no consensus on the preferred course of action."
P3_social_pressure,P3,R0,D+,2,A clear majority of peer team members and departmental colleagues strongly favor decisions to {action_phrase} and encourage that choice.,"Relevant peer team members and departmental colleagues hold diverse views on the matter, with no consensus on the preferred course of action."
C4_metric_neutral,P4,R0,D0,0,"Departmental KPI performance targets track outcomes associated with this decision, but neither available action is favored by those targets.","Departmental KPI performance targets track outcomes associated with this decision, but neither available action is favored by those targets."
P4_metric_pressure,P4,R0,D+,2,Departmental KPI performance targets strongly favor outcomes associated with choosing to {action_phrase}.,"Departmental KPI performance targets track outcomes associated with this decision, but neither available action is favored by those targets."
